year,lower_hutt_actual,synthetic_lower_hutt,gap_actual_minus_synthetic
1996,1.3,1.547,-0.247
1997,1.0,1.507,-0.507
1998,1.4,1.013,0.387
1999,1.4,1.682,-0.282
2000,1.9,1.306,0.594
2001,1.6,0.852,0.748
2002,1.3,1.452,-0.152
2003,1.8,2.159,-0.359
2004,1.8,2.18,-0.38
2005,1.5,2.379,-0.879
2006,1.9,2.049,-0.149
2007,1.4,2.083,-0.683
2008,1.4,1.989,-0.589
2009,1.5,1.068,0.432
2010,1.2,1.172,0.028
2011,1.1,0.782,0.318
2012,1.1,1.301,-0.201
2013,1.9,2.182,-0.282
2014,2.5,2.411,0.089
2015,4.0,2.171,1.829
2016,3.0,2.936,0.064
2017,2.3,2.074,0.226
2018,4.5,1.996,2.504
2019,5.6,2.028,3.572
2020,5.8,2.334,3.466
2021,9.5,2.948,6.552
2022,12.2,3.158,9.042
2023,5.9,1.927,3.973
